Taxonomy,Bran_1,Bran_2,Bran_3,PS_1,PS_2,PS_3,CO_1,CO_2,CO_3
d__Bacteria;p__;c__;o__;f__;g__,6,5,4,3,17,22,5,11,3
d__Bacteria;p__Actinobacteria;c__;o__;f__;g__,0,0,0,0,0,0,0,0,0
d__Bacteria;p__Actinobacteria;c__Actinobacteria_graftm_1;o__;f__;g__,0,0,0,0,3,0,0,0,0
d__Bacteria;p__Actinobacteria;c__Actinobacteria_graftm_1;o__Actinomycetales;f__Actinomycetaceae;g__Actinomyces,0,0,0,0,0,0,0,0,0
d__Bacteria;p__Actinobacteria;c__Actinobacteria_graftm_1;o__Actinomycetales;f__Actinomycetaceae;g__Trueperella,0,0,0,0,0,0,0,1,0
d__Bacteria;p__Actinobacteria;c__Actinobacteria_graftm_1;o__Bifidobacteriales;f__Bifidobacteriaceae;g__Bifidobacterium,0,0,0,0,0,0,0,0,0
d__Bacteria;p__Actinobacteria;c__Actinobacteria_graftm_1;o__Corynebacteriales;f__;g__,0,0,0,0,6,0,0,0,0
d__Bacteria;p__Actinobacteria;c__Actinobacteria_graftm_1;o__Corynebacteriales;f__Corynebacteriaceae;g__,1,0,0,0,6,1,0,0,1
d__Bacteria;p__Actinobacteria;c__Actinobacteria_graftm_1;o__Corynebacteriales;f__Corynebacteriaceae;g__Corynebacterium,0,0,0,0,0,0,0,0,0
d__Bacteria;p__Actinobacteria;c__Actinobacteria_graftm_1;o__Corynebacteriales;f__Corynebacteriaceae;g__Corynebacterium_1,12,1,1,0,147,46,5,0,6
d__Bacteria;p__Actinobacteria;c__Actinobacteria_graftm_1;o__Corynebacteriales;f__Mycobacteriaceae;g__Mycobacterium,0,0,0,0,0,0,0,0,0
d__Bacteria;p__Actinobacteria;c__Actinobacteria_graftm_1;o__Corynebacteriales;f__Nocardiaceae;g__,0,0,0,0,0,0,0,0,0
d__Bacteria;p__Actinobacteria;c__Actinobacteria_graftm_1;o__Corynebacteriales;f__Nocardiaceae;g__Gordonia,0,0,0,0,0,0,0,0,0
d__Bacteria;p__Actinobacteria;c__Actinobacteria_graftm_1;o__Corynebacteriales;f__Nocardiaceae;g__Nocardia,0,0,0,0,0,0,0,0,0
d__Bacteria;p__Actinobacteria;c__Actinobacteria_graftm_1;o__Corynebacteriales;f__Nocardiaceae;g__Rhodococcus,0,0,0,0,0,0,0,0,0
d__Bacteria;p__Actinobacteria;c__Actinobacteria_graftm_1;o__Corynebacteriales;f__Nocardiaceae;g__Williamsia,0,0,0,0,0,0,0,0,0
d__Bacteria;p__Actinobacteria;c__Actinobacteria_graftm_1;o__Corynebacteriales;f__Segniliparaceae;g__uncultured_graftm_184,0,0,0,0,0,0,0,0,0
d__Bacteria;p__Actinobacteria;c__Actinobacteria_graftm_1;o__Frankiales;f__Frankiaceae;g__Jatrophihabitans,0,0,0,0,0,0,0,0,0
d__Bacteria;p__Actinobacteria;c__Actinobacteria_graftm_1;o__Frankiales;f__Geodermatophilaceae;g__Antricoccus,0,0,0,0,0,0,0,0,0
d__Bacteria;p__Actinobacteria;c__Actinobacteria_graftm_1;o__Kineosporiales;f__Kineosporiaceae;g__Kineococcus,0,0,0,0,0,0,0,0,0
d__Bacteria;p__Actinobacteria;c__Actinobacteria_graftm_1;o__Micrococcales;f__;g__,0,0,0,0,4,2,0,0,0
d__Bacteria;p__Actinobacteria;c__Actinobacteria_graftm_1;o__Micrococcales;f__Brevibacteriaceae;g__,0,0,0,0,3,0,0,0,0
d__Bacteria;p__Actinobacteria;c__Actinobacteria_graftm_1;o__Micrococcales;f__Brevibacteriaceae;g__Brevibacterium,0,0,0,0,35,15,0,0,0
d__Bacteria;p__Actinobacteria;c__Actinobacteria_graftm_1;o__Micrococcales;f__Cellulomonadaceae;g__Cellulomonas,0,0,0,0,2,0,0,0,1
d__Bacteria;p__Actinobacteria;c__Actinobacteria_graftm_1;o__Micrococcales;f__Dermabacteraceae;g__Brachybacterium,0,0,1,0,0,0,0,0,0
d__Bacteria;p__Actinobacteria;c__Actinobacteria_graftm_1;o__Micrococcales;f__Intrasporangiaceae;g__,0,0,0,0,0,0,0,0,0
d__Bacteria;p__Actinobacteria;c__Actinobacteria_graftm_1;o__Micrococcales;f__Intrasporangiaceae;g__Ornithinimicrobium,0,0,0,0,0,0,0,0,0
d__Bacteria;p__Actinobacteria;c__Actinobacteria_graftm_1;o__Micrococcales;f__Microbacteriaceae;g__,0,0,0,0,8,0,0,0,0
d__Bacteria;p__Actinobacteria;c__Actinobacteria_graftm_1;o__Micrococcales;f__Microbacteriaceae;g__Agromyces,0,0,0,0,0,0,0,0,0
d__Bacteria;p__Actinobacteria;c__Actinobacteria_graftm_1;o__Micrococcales;f__Microbacteriaceae;g__Curtobacterium,0,1,0,0,0,0,0,0,0
d__Bacteria;p__Actinobacteria;c__Actinobacteria_graftm_1;o__Micrococcales;f__Microbacteriaceae;g__Leucobacter,0,0,0,0,2,1,0,0,0
d__Bacteria;p__Actinobacteria;c__Actinobacteria_graftm_1;o__Micrococcales;f__Microbacteriaceae;g__Microbacterium,0,0,0,0,14,2,0,0,0
d__Bacteria;p__Actinobacteria;c__Actinobacteria_graftm_1;o__Micrococcales;f__Micrococcaceae;g__,1,0,0,0,15,15,0,0,0
d__Bacteria;p__Actinobacteria;c__Actinobacteria_graftm_1;o__Micrococcales;f__Micrococcaceae;g__Arthrobacter,1,0,0,0,5,4,0,0,0
d__Bacteria;p__Actinobacteria;c__Actinobacteria_graftm_1;o__Micrococcales;f__Micrococcaceae;g__Enteractinococcus,0,0,0,0,0,0,0,0,0
d__Bacteria;p__Actinobacteria;c__Actinobacteria_graftm_1;o__Micrococcales;f__Micrococcaceae;g__Glutamicibacter,0,0,0,1,12,4,0,0,0
d__Bacteria;p__Actinobacteria;c__Actinobacteria_graftm_1;o__Micrococcales;f__Micrococcaceae;g__Kocuria,0,0,0,0,1,0,3,0,0
d__Bacteria;p__Actinobacteria;c__Actinobacteria_graftm_1;o__Micrococcales;f__Micrococcaceae;g__Micrococcus,0,0,0,0,1,0,0,0,0
d__Bacteria;p__Actinobacteria;c__Actinobacteria_graftm_1;o__Micrococcales;f__Micrococcaceae;g__Neomicrococcus,1,0,0,0,9,3,0,0,0
d__Bacteria;p__Actinobacteria;c__Actinobacteria_graftm_1;o__Micrococcales;f__Micrococcaceae;g__Nesterenkonia,0,0,0,0,0,0,0,0,0
d__Bacteria;p__Actinobacteria;c__Actinobacteria_graftm_1;o__Micrococcales;f__Micrococcaceae;g__Paenarthrobacter,0,0,0,0,0,0,0,0,0
d__Bacteria;p__Actinobacteria;c__Actinobacteria_graftm_1;o__Micrococcales;f__Micrococcaceae;g__Paeniglutamicibacter,0,0,0,0,0,0,0,0,0
d__Bacteria;p__Actinobacteria;c__Actinobacteria_graftm_1;o__Micrococcales;f__Micrococcaceae;g__Pseudarthrobacter,0,0,0,0,1,0,0,0,0
d__Bacteria;p__Actinobacteria;c__Actinobacteria_graftm_1;o__Micrococcales;f__Micrococcaceae;g__Rothia,0,0,0,0,3,1,0,0,0
d__Bacteria;p__Actinobacteria;c__Actinobacteria_graftm_1;o__Micrococcales;f__Micrococcaceae;g__uncultured_graftm_322,0,0,0,0,0,0,0,0,0
d__Bacteria;p__Actinobacteria;c__Actinobacteria_graftm_1;o__Micrococcales;f__Promicromonosporaceae;g__Cellulosimicrobium,0,0,0,0,0,0,0,0,0
d__Bacteria;p__Actinobacteria;c__Actinobacteria_graftm_1;o__Micrococcales;f__Promicromonosporaceae;g__Isoptericola,0,0,0,0,0,0,0,0,0
d__Bacteria;p__Actinobacteria;c__Actinobacteria_graftm_1;o__Micrococcales;f__Sanguibacteraceae;g__Sanguibacter,0,0,0,0,0,0,0,0,0
d__Bacteria;p__Actinobacteria;c__Actinobacteria_graftm_1;o__Propionibacteriales;f__Nocardioidaceae;g__,0,0,0,0,0,0,0,0,0
d__Bacteria;p__Actinobacteria;c__Actinobacteria_graftm_1;o__Propionibacteriales;f__Nocardioidaceae;g__Aeromicrobium,0,0,0,0,4,0,0,0,0
d__Bacteria;p__Actinobacteria;c__Actinobacteria_graftm_1;o__Propionibacteriales;f__Nocardioidaceae;g__Mumia,0,0,0,0,0,0,0,0,0
d__Bacteria;p__Actinobacteria;c__Actinobacteria_graftm_1;o__Propionibacteriales;f__Nocardioidaceae;g__Nocardioides,0,0,0,0,1,0,0,0,0
d__Bacteria;p__Actinobacteria;c__Actinobacteria_graftm_1;o__Propionibacteriales;f__Propionibacteriaceae;g__Luteococcus,0,0,0,0,0,0,0,0,0
d__Bacteria;p__Actinobacteria;c__Actinobacteria_graftm_1;o__Pseudonocardiales;f__Pseudonocardiaceae;g__Actinophytocola,0,0,0,0,0,0,0,0,0
d__Bacteria;p__Actinobacteria;c__Actinobacteria_graftm_1;o__Pseudonocardiales;f__Pseudonocardiaceae;g__Crossiella,0,0,0,0,0,0,0,0,0
d__Bacteria;p__Actinobacteria;c__Actinobacteria_graftm_1;o__Pseudonocardiales;f__Pseudonocardiaceae;g__Saccharopolyspora,0,0,0,0,0,0,0,0,0
d__Bacteria;p__Actinobacteria;c__Actinobacteria_graftm_1;o__Streptomycetales;f__Streptomycetaceae;g__,0,0,0,0,0,0,0,0,0
d__Bacteria;p__Actinobacteria;c__Actinobacteria_graftm_1;o__Streptomycetales;f__Streptomycetaceae;g__Streptomyces,0,0,0,0,0,0,0,0,0
d__Bacteria;p__Bacteroidetes;c__Bacteroidia;o__;f__;g__,1,0,0,0,1,0,0,0,0
d__Bacteria;p__Bacteroidetes;c__Bacteroidia;o__Bacteroidales;f__Dysgonomonadaceae;g__Dysgonomonas,0,0,0,0,0,0,0,0,0
d__Bacteria;p__Bacteroidetes;c__Bacteroidia;o__Flavobacteriales;f__;g__,1,2,0,0,0,0,0,0,0
d__Bacteria;p__Bacteroidetes;c__Bacteroidia;o__Flavobacteriales;f__Blattabacteriaceae;g__Candidatus_Sulcia,0,0,0,0,0,0,0,0,0
d__Bacteria;p__Bacteroidetes;c__Bacteroidia;o__Flavobacteriales;f__Flavobacteriaceae;g__,4,1,2,0,0,0,0,0,0
d__Bacteria;p__Bacteroidetes;c__Bacteroidia;o__Flavobacteriales;f__Flavobacteriaceae;g__Flavobacterium,0,0,0,0,0,0,0,0,0
d__Bacteria;p__Bacteroidetes;c__Bacteroidia;o__Flavobacteriales;f__Flavobacteriaceae;g__Joostella,0,0,0,0,0,0,0,0,0
d__Bacteria;p__Bacteroidetes;c__Bacteroidia;o__Flavobacteriales;f__Flavobacteriaceae;g__NS4_marine_group,0,0,0,0,0,0,0,0,0
d__Bacteria;p__Bacteroidetes;c__Bacteroidia;o__Flavobacteriales;f__Weeksellaceae;g__,7,1,1,0,1,0,0,0,0
d__Bacteria;p__Bacteroidetes;c__Bacteroidia;o__Flavobacteriales;f__Weeksellaceae;g__Apibacter,181,103,72,0,26,11,1,0,2
d__Bacteria;p__Bacteroidetes;c__Bacteroidia;o__Flavobacteriales;f__Weeksellaceae;g__Bergeyella,0,0,0,0,0,0,0,0,0
d__Bacteria;p__Bacteroidetes;c__Bacteroidia;o__Flavobacteriales;f__Weeksellaceae;g__Chryseobacterium,7,0,0,0,14,0,0,0,4
d__Bacteria;p__Bacteroidetes;c__Bacteroidia;o__Flavobacteriales;f__Weeksellaceae;g__Cloacibacterium,0,0,0,0,0,0,0,0,0
d__Bacteria;p__Bacteroidetes;c__Bacteroidia;o__Flavobacteriales;f__Weeksellaceae;g__Moheibacter,5,2,1,0,0,0,0,0,0
d__Bacteria;p__Bacteroidetes;c__Bacteroidia;o__Flavobacteriales;f__Weeksellaceae;g__Riemerella,0,0,0,0,0,0,0,0,0
d__Bacteria;p__Bacteroidetes;c__Bacteroidia;o__Flavobacteriales;f__Weeksellaceae;g__uncultured_graftm_139,0,0,0,0,0,0,0,0,0
d__Bacteria;p__Bacteroidetes;c__Bacteroidia;o__Flavobacteriales;f__Weeksellaceae;g__Weeksella,0,0,1,0,0,0,0,0,0
d__Bacteria;p__Bacteroidetes;c__Bacteroidia;o__Sphingobacteriales;f__Sphingobacteriaceae;g__,1,0,0,0,0,0,0,0,0
d__Bacteria;p__Bacteroidetes;c__Bacteroidia;o__Sphingobacteriales;f__Sphingobacteriaceae;g__Pedobacter,0,0,0,0,0,0,0,0,0
d__Bacteria;p__Bacteroidetes;c__Bacteroidia;o__Sphingobacteriales;f__Sphingobacteriaceae;g__Pseudopedobacter,0,0,0,0,0,0,0,0,0
d__Bacteria;p__Bacteroidetes;c__Bacteroidia;o__Sphingobacteriales;f__Sphingobacteriaceae;g__Solitalea,0,0,0,0,0,0,0,0,0
d__Bacteria;p__Bacteroidetes;c__Bacteroidia;o__Sphingobacteriales;f__Sphingobacteriaceae;g__Sphingobacterium,1,0,0,0,46,6,0,0,0
d__Bacteria;p__Bacteroidetes;c__Bacteroidia;o__Sphingobacteriales;f__Sphingobacteriaceae;g__uncultured_graftm_75,0,0,0,0,0,0,0,0,0
d__Bacteria;p__Firmicutes;c__;o__;f__;g__,14,2,2,5,13,9,1,3,2
d__Bacteria;p__Firmicutes;c__Bacilli;o__;f__;g__,3,1,3,2,9,15,1,0,3
d__Bacteria;p__Firmicutes;c__Bacilli;o__Bacillales;f__;g__,0,0,0,0,0,0,0,3,0
d__Bacteria;p__Firmicutes;c__Bacilli;o__Bacillales;f__Bacillaceae;g__,0,0,0,0,4,1,0,1,0
d__Bacteria;p__Firmicutes;c__Bacilli;o__Bacillales;f__Bacillaceae;g__Bacillus,0,0,1,1,4,6,0,9,1
d__Bacteria;p__Firmicutes;c__Bacilli;o__Bacillales;f__Family_XI_graftm_1;g__Gemella,0,0,0,0,1,0,0,1,0
d__Bacteria;p__Firmicutes;c__Bacilli;o__Bacillales;f__Listeriaceae;g__,0,0,0,0,0,0,0,0,0
d__Bacteria;p__Firmicutes;c__Bacilli;o__Bacillales;f__Listeriaceae;g__Listeria,0,0,0,0,0,0,2,0,0
d__Bacteria;p__Firmicutes;c__Bacilli;o__Bacillales;f__Paenibacillaceae;g__,0,0,0,0,0,0,0,0,0
d__Bacteria;p__Firmicutes;c__Bacilli;o__Bacillales;f__Paenibacillaceae;g__Paenibacillus,0,1,0,0,0,0,0,2,0
d__Bacteria;p__Firmicutes;c__Bacilli;o__Bacillales;f__Planococcaceae;g__,1,0,0,0,0,0,0,0,0
d__Bacteria;p__Firmicutes;c__Bacilli;o__Bacillales;f__Planococcaceae;g__Kurthia,0,0,0,0,0,0,0,1,0
d__Bacteria;p__Firmicutes;c__Bacilli;o__Bacillales;f__Planococcaceae;g__Lysinibacillus,0,0,0,0,0,0,0,0,0
d__Bacteria;p__Firmicutes;c__Bacilli;o__Bacillales;f__Staphylococcaceae;g__,0,0,0,0,0,0,0,0,0
d__Bacteria;p__Firmicutes;c__Bacilli;o__Bacillales;f__Staphylococcaceae;g__Macrococcus,0,0,0,0,0,0,0,0,0
d__Bacteria;p__Firmicutes;c__Bacilli;o__Bacillales;f__Staphylococcaceae;g__Staphylococcus,0,16,12,1,5,4,15,4,4
d__Bacteria;p__Firmicutes;c__Bacilli;o__Lactobacillales;f__;g__,12,20,13,13,117,99,9,34,28
d__Bacteria;p__Firmicutes;c__Bacilli;o__Lactobacillales;f__Carnobacteriaceae;g__,0,0,0,0,1,1,0,3,0
d__Bacteria;p__Firmicutes;c__Bacilli;o__Lactobacillales;f__Carnobacteriaceae;g__Carnobacterium,0,0,0,0,0,2,0,0,0
d__Bacteria;p__Firmicutes;c__Bacilli;o__Lactobacillales;f__Carnobacteriaceae;g__Desemzia,0,0,0,0,0,0,0,0,0
d__Bacteria;p__Firmicutes;c__Bacilli;o__Lactobacillales;f__Carnobacteriaceae;g__Granulicatella,0,0,0,0,0,0,0,0,0
d__Bacteria;p__Firmicutes;c__Bacilli;o__Lactobacillales;f__Carnobacteriaceae;g__Trichococcus,0,0,0,0,0,0,0,2,0
d__Bacteria;p__Firmicutes;c__Bacilli;o__Lactobacillales;f__Enterococcaceae;g__,1,2,6,1,14,5,1,18,1
d__Bacteria;p__Firmicutes;c__Bacilli;o__Lactobacillales;f__Enterococcaceae;g__Enterococcus,55,103,103,63,573,754,190,769,263
d__Bacteria;p__Firmicutes;c__Bacilli;o__Lactobacillales;f__Enterococcaceae;g__Pilibacter,0,0,0,1,2,2,0,4,0
d__Bacteria;p__Firmicutes;c__Bacilli;o__Lactobacillales;f__Enterococcaceae;g__Tetragenococcus,0,0,0,0,1,0,0,0,0
d__Bacteria;p__Firmicutes;c__Bacilli;o__Lactobacillales;f__Enterococcaceae;g__Vagococcus,0,3,1,0,2,6,0,3,0
d__Bacteria;p__Firmicutes;c__Bacilli;o__Lactobacillales;f__Lactobacillaceae;g__,1,1,3,0,5,0,2,4,8
d__Bacteria;p__Firmicutes;c__Bacilli;o__Lactobacillales;f__Lactobacillaceae;g__Lactobacillus,110,39,71,3,52,25,3,40,17
d__Bacteria;p__Firmicutes;c__Bacilli;o__Lactobacillales;f__Lactobacillaceae;g__Pediococcus,14,4,35,2,119,16,23,80,106
d__Bacteria;p__Firmicutes;c__Bacilli;o__Lactobacillales;f__Leuconostocaceae;g__,1,1,2,0,0,0,0,0,0
d__Bacteria;p__Firmicutes;c__Bacilli;o__Lactobacillales;f__Leuconostocaceae;g__Leuconostoc,61,78,91,0,0,0,2,1,2
d__Bacteria;p__Firmicutes;c__Bacilli;o__Lactobacillales;f__Leuconostocaceae;g__Weissella,4,9,65,0,0,0,0,0,2
d__Bacteria;p__Firmicutes;c__Bacilli;o__Lactobacillales;f__Streptococcaceae;g__,0,0,0,0,6,4,0,1,1
d__Bacteria;p__Firmicutes;c__Bacilli;o__Lactobacillales;f__Streptococcaceae;g__Lactococcus,318,52,248,62,704,458,5,14,42
d__Bacteria;p__Firmicutes;c__Bacilli;o__Lactobacillales;f__Streptococcaceae;g__Streptococcus,2,2,0,0,14,12,3,7,5
d__Bacteria;p__Firmicutes;c__Bacilli;o__Lactobacillales;f__uncultured_graftm_187;g__,0,0,0,0,1,0,0,0,0
d__Bacteria;p__Firmicutes;c__Bacilli;o__Lactobacillales;f__uncultured_graftm_187;g__uncultured_bacterium_graftm_818,0,0,0,0,1,0,0,0,0
d__Bacteria;p__Firmicutes;c__Clostridia;o__Clostridiales;f__;g__,0,0,0,0,0,2,0,0,0
d__Bacteria;p__Firmicutes;c__Clostridia;o__Clostridiales;f__Clostridiaceae_1;g__,0,0,0,0,3,26,0,0,0
d__Bacteria;p__Firmicutes;c__Clostridia;o__Clostridiales;f__Clostridiaceae_1;g__Clostridium_sensu_stricto_1,0,0,0,0,1,6,0,0,0
d__Bacteria;p__Firmicutes;c__Clostridia;o__Clostridiales;f__Clostridiaceae_1;g__Clostridium_sensu_stricto_19,0,0,0,0,1,0,0,0,0
d__Bacteria;p__Firmicutes;c__Clostridia;o__Clostridiales;f__Clostridiaceae_1;g__Clostridium_sensu_stricto_3,0,0,0,0,0,3,0,0,0
d__Bacteria;p__Firmicutes;c__Clostridia;o__Clostridiales;f__Clostridiaceae_1;g__Clostridium_sensu_stricto_6,0,0,0,0,6,26,0,0,0
d__Bacteria;p__Firmicutes;c__Clostridia;o__Clostridiales;f__Clostridiaceae_1;g__Clostridium_sensu_stricto_7,0,0,0,0,0,4,0,0,0
d__Bacteria;p__Firmicutes;c__Clostridia;o__Clostridiales;f__Clostridiaceae_1;g__Fonticella,0,0,0,0,0,1,0,0,0
d__Bacteria;p__Firmicutes;c__Clostridia;o__Clostridiales;f__Clostridiaceae_1;g__Haloimpatiens,0,0,0,0,0,3,0,0,0
d__Bacteria;p__Firmicutes;c__Clostridia;o__Clostridiales;f__Clostridiaceae_1;g__Proteiniclasticum,0,0,0,0,0,2,0,0,0
d__Bacteria;p__Firmicutes;c__Clostridia;o__Clostridiales;f__Clostridiaceae_1;g__uncultured_graftm_155,0,0,0,0,0,3,0,0,0
d__Bacteria;p__Firmicutes;c__Clostridia;o__Clostridiales;f__Heliobacteriaceae;g__Hydrogenispora,0,0,0,0,0,0,0,0,0
d__Bacteria;p__Firmicutes;c__Clostridia;o__Clostridiales;f__Lachnospiraceae;g__,0,0,0,0,0,0,0,0,0
d__Bacteria;p__Firmicutes;c__Clostridia;o__Clostridiales;f__Peptostreptococcaceae;g__,0,0,0,0,0,0,0,0,0
d__Bacteria;p__Firmicutes;c__Clostridia;o__Clostridiales;f__Peptostreptococcaceae;g__Clostridioides,0,0,0,0,0,0,0,0,0
d__Bacteria;p__Firmicutes;c__Clostridia;o__Clostridiales;f__Peptostreptococcaceae;g__Paraclostridium,0,0,0,1,0,0,0,0,0
d__Bacteria;p__Firmicutes;c__Clostridia;o__Clostridiales;f__Peptostreptococcaceae;g__Romboutsia,0,0,0,1,0,0,0,0,2
d__Bacteria;p__Firmicutes;c__Clostridia;o__Clostridiales;f__Peptostreptococcaceae;g__uncultured_graftm_251,0,0,0,0,0,0,0,0,2
d__Bacteria;p__Firmicutes;c__Clostridia;o__Clostridiales;f__Ruminococcaceae;g__Ruminiclostridium_9,0,0,0,0,0,0,0,0,0
d__Bacteria;p__Firmicutes;c__Clostridia;o__Clostridiales;f__Ruminococcaceae;g__Ruminococcaceae_UCG_013,0,0,0,0,0,1,0,0,0
d__Bacteria;p__Firmicutes;c__Clostridia;o__Clostridiales;f__Ruminococcaceae;g__uncultured_graftm_50,0,0,0,0,0,0,0,1,0
d__Bacteria;p__Firmicutes;c__Clostridia;o__Clostridiales;f__Syntrophomonadaceae;g__Dethiobacter,4,1,5,0,0,2,0,2,0
d__Bacteria;p__Firmicutes;c__Erysipelotrichia;o__Erysipelotrichales;f__Erysipelotrichaceae;g__,5,0,0,0,0,1,0,0,0
d__Bacteria;p__Firmicutes;c__Erysipelotrichia;o__Erysipelotrichales;f__Erysipelotrichaceae;g__Erysipelatoclostridium,41,0,1,0,2,0,0,0,0
d__Bacteria;p__Firmicutes;c__Erysipelotrichia;o__Erysipelotrichales;f__Erysipelotrichaceae;g__Erysipelotrichaceae_UCG_010,0,0,0,0,0,0,0,0,0
d__Bacteria;p__Firmicutes;c__Erysipelotrichia;o__Erysipelotrichales;f__Erysipelotrichaceae;g__Faecalibaculum,0,0,0,0,0,0,0,0,0
d__Bacteria;p__Firmicutes;c__Erysipelotrichia;o__Erysipelotrichales;f__Erysipelotrichaceae;g__Turicibacter,0,0,0,0,1,0,0,0,0
d__Bacteria;p__Firmicutes;c__Erysipelotrichia;o__Erysipelotrichales;f__Erysipelotrichaceae;g__ZOR0006,15,50,12,1,3,5,0,0,3
d__Bacteria;p__Firmicutes;c__Negativicutes;o__Selenomonadales;f__Acidaminococcaceae;g__Phascolarctobacterium,0,0,1,0,0,0,0,0,0
d__Bacteria;p__Firmicutes;c__Negativicutes;o__Selenomonadales;f__Veillonellaceae;g__Veillonella,0,0,0,0,0,0,0,0,0
d__Bacteria;p__Fusobacteria;c__Fusobacteriia;o__Fusobacteriales;f__Leptotrichiaceae;g__Sebaldella,23,0,0,0,0,0,0,0,0
d__Bacteria;p__Fusobacteria;c__Fusobacteriia;o__Fusobacteriales;f__Leptotrichiaceae;g__Streptobacillus,0,0,0,0,0,0,0,0,0
d__Bacteria;p__Patescibacteria;c__ABY1;o__Candidatus_Komeilibacteria;f__;g__,0,0,0,0,0,0,0,0,2
d__Bacteria;p__Patescibacteria;c__Saccharimonadia;o__Saccharimonadales;f__;g__,20,0,0,0,0,0,0,0,0
d__Bacteria;p__Patescibacteria;c__Saccharimonadia;o__Saccharimonadales;f__uncultured_bacterium_graftm_84;g__,13,0,0,0,0,0,0,0,0
d__Bacteria;p__Proteobacteria;c__;o__;f__;g__,0,0,0,0,0,0,0,0,0
d__Bacteria;p__Proteobacteria;c__Alphaproteobacteria;o__;f__;g__,0,0,0,0,0,0,0,0,0
d__Bacteria;p__Proteobacteria;c__Alphaproteobacteria;o__Acetobacterales;f__Acetobacteraceae;g__Acetobacter,0,0,0,0,0,0,0,0,0
d__Bacteria;p__Proteobacteria;c__Alphaproteobacteria;o__Caulobacterales;f__Caulobacteraceae;g__,0,0,0,0,0,0,0,0,0
d__Bacteria;p__Proteobacteria;c__Alphaproteobacteria;o__Caulobacterales;f__Caulobacteraceae;g__Brevundimonas,0,0,0,0,3,0,0,0,0
d__Bacteria;p__Proteobacteria;c__Alphaproteobacteria;o__Rhizobiales;f__;g__,0,0,0,0,0,0,0,0,0
d__Bacteria;p__Proteobacteria;c__Alphaproteobacteria;o__Rhizobiales;f__Beijerinckiaceae;g__,0,0,0,0,0,0,0,0,0
d__Bacteria;p__Proteobacteria;c__Alphaproteobacteria;o__Rhizobiales;f__Beijerinckiaceae;g__Camelimonas,0,0,0,0,2,0,0,0,0
d__Bacteria;p__Proteobacteria;c__Alphaproteobacteria;o__Rhizobiales;f__Beijerinckiaceae;g__Methylobacterium,0,0,0,0,1,0,0,0,0
d__Bacteria;p__Proteobacteria;c__Alphaproteobacteria;o__Rhizobiales;f__Beijerinckiaceae;g__Microvirga,0,0,0,0,0,0,0,0,0
d__Bacteria;p__Proteobacteria;c__Alphaproteobacteria;o__Rhizobiales;f__Rhizobiaceae;g__,0,0,0,0,3,0,0,0,0
d__Bacteria;p__Proteobacteria;c__Alphaproteobacteria;o__Rhizobiales;f__Rhizobiaceae;g__Allorhizobium_Neorhizobium_Pararhizobium_Rhizobium,0,0,0,0,1,0,0,0,0
d__Bacteria;p__Proteobacteria;c__Alphaproteobacteria;o__Rhizobiales;f__Rhizobiaceae;g__Mesorhizobium,0,0,0,0,0,0,0,0,0
d__Bacteria;p__Proteobacteria;c__Alphaproteobacteria;o__Rhizobiales;f__Rhizobiaceae;g__Mycoplana,0,0,0,0,0,0,0,0,0
d__Bacteria;p__Proteobacteria;c__Alphaproteobacteria;o__Rhizobiales;f__Rhizobiaceae;g__Ochrobactrum,0,0,0,1,2,0,0,0,0
d__Bacteria;p__Proteobacteria;c__Alphaproteobacteria;o__Rhizobiales;f__Rhizobiaceae;g__uncultured_graftm_109,0,0,0,0,0,0,0,0,0
d__Bacteria;p__Proteobacteria;c__Alphaproteobacteria;o__Sphingomonadales;f__Sphingomonadaceae;g__,0,0,0,0,0,0,0,0,0
d__Bacteria;p__Proteobacteria;c__Alphaproteobacteria;o__Sphingomonadales;f__Sphingomonadaceae;g__Sphingomonas,0,0,0,0,9,4,0,0,0
d__Bacteria;p__Proteobacteria;c__Deltaproteobacteria;o__Desulfovibrionales;f__Desulfomicrobiaceae;g__Desulfomicrobium,0,0,0,0,0,1,0,0,0
d__Bacteria;p__Proteobacteria;c__Deltaproteobacteria;o__Myxococcales;f__Sandaracinaceae;g__uncultured_graftm_119,0,0,0,0,0,0,0,0,0
d__Bacteria;p__Proteobacteria;c__Gammaproteobacteria;o__;f__;g__,15,18,4,0,16,16,4,12,11
d__Bacteria;p__Proteobacteria;c__Gammaproteobacteria;o__Aeromonadales;f__;g__,0,0,1,0,0,0,0,0,0
d__Bacteria;p__Proteobacteria;c__Gammaproteobacteria;o__Alteromonadales;f__;g__,0,0,0,0,0,0,0,0,0
d__Bacteria;p__Proteobacteria;c__Gammaproteobacteria;o__Alteromonadales;f__Alteromonadaceae;g__uncultured_gamma_proteobacterium_graftm_187,0,0,0,0,0,0,0,0,0
d__Bacteria;p__Proteobacteria;c__Gammaproteobacteria;o__Alteromonadales;f__Colwelliaceae;g__,0,0,0,0,0,0,0,0,0
d__Bacteria;p__Proteobacteria;c__Gammaproteobacteria;o__Alteromonadales;f__Moritellaceae;g__Moritella,0,0,0,0,0,0,0,0,0
d__Bacteria;p__Proteobacteria;c__Gammaproteobacteria;o__Alteromonadales;f__Shewanellaceae;g__Shewanella,0,0,0,0,0,0,0,0,0
d__Bacteria;p__Proteobacteria;c__Gammaproteobacteria;o__Betaproteobacteriales;f__Burkholderiaceae;g__,0,0,0,0,0,0,0,0,0
d__Bacteria;p__Proteobacteria;c__Gammaproteobacteria;o__Betaproteobacteriales;f__Burkholderiaceae;g__Acidovorax,0,0,0,0,0,0,0,0,0
d__Bacteria;p__Proteobacteria;c__Gammaproteobacteria;o__Betaproteobacteriales;f__Burkholderiaceae;g__Comamonas,0,0,0,0,0,0,0,0,0
d__Bacteria;p__Proteobacteria;c__Gammaproteobacteria;o__Betaproteobacteriales;f__Burkholderiaceae;g__Massilia,0,0,0,0,0,0,0,0,0
d__Bacteria;p__Proteobacteria;c__Gammaproteobacteria;o__Betaproteobacteriales;f__Burkholderiaceae;g__Ralstonia,0,1,3,1,0,0,2,1,0
d__Bacteria;p__Proteobacteria;c__Gammaproteobacteria;o__Cellvibrionales;f__Halieaceae;g__Halioglobus,0,0,0,0,0,0,0,0,0
d__Bacteria;p__Proteobacteria;c__Gammaproteobacteria;o__Enterobacteriales;f__Enterobacteriaceae;g__,418,1145,112,30,205,102,98,723,249
d__Bacteria;p__Proteobacteria;c__Gammaproteobacteria;o__Enterobacteriales;f__Enterobacteriaceae;g__Brenneria,3,3,1,0,0,4,0,5,1
d__Bacteria;p__Proteobacteria;c__Gammaproteobacteria;o__Enterobacteriales;f__Enterobacteriaceae;g__Buttiauxella,0,0,0,0,1,0,0,1,0
d__Bacteria;p__Proteobacteria;c__Gammaproteobacteria;o__Enterobacteriales;f__Enterobacteriaceae;g__Citrobacter,0,9,2,0,2,0,0,0,1
d__Bacteria;p__Proteobacteria;c__Gammaproteobacteria;o__Enterobacteriales;f__Enterobacteriaceae;g__Cronobacter,4,5,0,0,1,1,1,2,2
d__Bacteria;p__Proteobacteria;c__Gammaproteobacteria;o__Enterobacteriales;f__Enterobacteriaceae;g__Dickeya,6,3,5,0,0,2,2,3,0
d__Bacteria;p__Proteobacteria;c__Gammaproteobacteria;o__Enterobacteriales;f__Enterobacteriaceae;g__Edwardsiella,1,0,0,0,3,0,0,0,0
d__Bacteria;p__Proteobacteria;c__Gammaproteobacteria;o__Enterobacteriales;f__Enterobacteriaceae;g__endosymbionts5,0,0,0,0,0,0,0,0,0
d__Bacteria;p__Proteobacteria;c__Gammaproteobacteria;o__Enterobacteriales;f__Enterobacteriaceae;g__Enterobacillus,0,0,0,0,0,0,0,0,0
d__Bacteria;p__Proteobacteria;c__Gammaproteobacteria;o__Enterobacteriales;f__Enterobacteriaceae;g__Enterobacter,80,105,10,2,33,12,17,139,37
d__Bacteria;p__Proteobacteria;c__Gammaproteobacteria;o__Enterobacteriales;f__Enterobacteriaceae;g__Erwinia,2,93,0,1,0,0,0,1,0
d__Bacteria;p__Proteobacteria;c__Gammaproteobacteria;o__Enterobacteriales;f__Enterobacteriaceae;g__Escherichia_Shigella,51,225,13,2,24,16,7,90,26
d__Bacteria;p__Proteobacteria;c__Gammaproteobacteria;o__Enterobacteriales;f__Enterobacteriaceae;g__Hafnia_Obesumbacterium,0,0,0,0,0,0,0,0,0
d__Bacteria;p__Proteobacteria;c__Gammaproteobacteria;o__Enterobacteriales;f__Enterobacteriaceae;g__Izhakiella,8,1,2,0,0,0,0,10,2
d__Bacteria;p__Proteobacteria;c__Gammaproteobacteria;o__Enterobacteriales;f__Enterobacteriaceae;g__Klebsiella,15,55,9,0,17,6,4,74,35
d__Bacteria;p__Proteobacteria;c__Gammaproteobacteria;o__Enterobacteriales;f__Enterobacteriaceae;g__Kluyvera,1,1,0,0,4,0,2,1,2
d__Bacteria;p__Proteobacteria;c__Gammaproteobacteria;o__Enterobacteriales;f__Enterobacteriaceae;g__Kosakonia,5,91,1,0,1,0,0,2,3
d__Bacteria;p__Proteobacteria;c__Gammaproteobacteria;o__Enterobacteriales;f__Enterobacteriaceae;g__Lelliottia,0,0,0,0,3,0,0,0,4
d__Bacteria;p__Proteobacteria;c__Gammaproteobacteria;o__Enterobacteriales;f__Enterobacteriaceae;g__Mangrovibacter,5,3,2,0,4,1,2,20,4
d__Bacteria;p__Proteobacteria;c__Gammaproteobacteria;o__Enterobacteriales;f__Enterobacteriaceae;g__Morganella,0,16,0,0,1,0,0,0,0
d__Bacteria;p__Proteobacteria;c__Gammaproteobacteria;o__Enterobacteriales;f__Enterobacteriaceae;g__Pantoea,4,208,0,0,3,0,1,3,2
d__Bacteria;p__Proteobacteria;c__Gammaproteobacteria;o__Enterobacteriales;f__Enterobacteriaceae;g__Pectobacterium,2,0,0,0,0,0,0,0,0
d__Bacteria;p__Proteobacteria;c__Gammaproteobacteria;o__Enterobacteriales;f__Enterobacteriaceae;g__Plesiomonas,0,0,0,0,0,0,0,0,0
d__Bacteria;p__Proteobacteria;c__Gammaproteobacteria;o__Enterobacteriales;f__Enterobacteriaceae;g__Pluralibacter,0,1,0,0,0,0,0,2,2
d__Bacteria;p__Proteobacteria;c__Gammaproteobacteria;o__Enterobacteriales;f__Enterobacteriaceae;g__Pragia,0,0,0,0,4,0,0,0,0
d__Bacteria;p__Proteobacteria;c__Gammaproteobacteria;o__Enterobacteriales;f__Enterobacteriaceae;g__Proteus,1,0,0,0,0,1,0,0,0
d__Bacteria;p__Proteobacteria;c__Gammaproteobacteria;o__Enterobacteriales;f__Enterobacteriaceae;g__Providencia,1,1,0,1,0,1,0,0,0
d__Bacteria;p__Proteobacteria;c__Gammaproteobacteria;o__Enterobacteriales;f__Enterobacteriaceae;g__Pseudocitrobacter,0,0,0,0,0,0,0,0,0
d__Bacteria;p__Proteobacteria;c__Gammaproteobacteria;o__Enterobacteriales;f__Enterobacteriaceae;g__Rahnella,0,0,0,0,0,0,0,0,0
d__Bacteria;p__Proteobacteria;c__Gammaproteobacteria;o__Enterobacteriales;f__Enterobacteriaceae;g__Raoultella,0,4,1,0,0,0,0,7,2
d__Bacteria;p__Proteobacteria;c__Gammaproteobacteria;o__Enterobacteriales;f__Enterobacteriaceae;g__Rosenbergiella,2,1,0,0,0,0,0,1,0
d__Bacteria;p__Proteobacteria;c__Gammaproteobacteria;o__Enterobacteriales;f__Enterobacteriaceae;g__Salmonella,3,44,0,0,0,0,0,1,1
d__Bacteria;p__Proteobacteria;c__Gammaproteobacteria;o__Enterobacteriales;f__Enterobacteriaceae;g__Serratia,1,8,2,1,5,3,3,6,4
d__Bacteria;p__Proteobacteria;c__Gammaproteobacteria;o__Enterobacteriales;f__Enterobacteriaceae;g__Shimwellia,0,0,0,0,0,0,0,0,0
d__Bacteria;p__Proteobacteria;c__Gammaproteobacteria;o__Enterobacteriales;f__Enterobacteriaceae;g__Siccibacter,0,8,0,0,0,0,0,0,0
d__Bacteria;p__Proteobacteria;c__Gammaproteobacteria;o__Enterobacteriales;f__Enterobacteriaceae;g__Sodalis,2,0,1,0,0,0,0,2,0
d__Bacteria;p__Proteobacteria;c__Gammaproteobacteria;o__Enterobacteriales;f__Enterobacteriaceae;g__Tatumella,0,0,1,0,0,0,0,0,0
d__Bacteria;p__Proteobacteria;c__Gammaproteobacteria;o__Enterobacteriales;f__Enterobacteriaceae;g__Trabulsiella,15,20,2,0,0,0,2,0,1
d__Bacteria;p__Proteobacteria;c__Gammaproteobacteria;o__Enterobacteriales;f__Enterobacteriaceae;g__uncultured_bacterium_graftm_1237,0,0,0,0,0,0,0,0,0
d__Bacteria;p__Proteobacteria;c__Gammaproteobacteria;o__Enterobacteriales;f__Enterobacteriaceae;g__uncultured_graftm_2,27,9,2,5,10,19,3,38,13
d__Bacteria;p__Proteobacteria;c__Gammaproteobacteria;o__Enterobacteriales;f__Enterobacteriaceae;g__Xenorhabdus,0,0,0,0,0,0,0,1,0
d__Bacteria;p__Proteobacteria;c__Gammaproteobacteria;o__Enterobacteriales;f__Enterobacteriaceae;g__Yersinia,1,0,0,0,0,0,0,0,0
d__Bacteria;p__Proteobacteria;c__Gammaproteobacteria;o__Enterobacteriales;f__Enterobacteriaceae;g__Yokenella,0,1,0,0,0,0,0,0,1
d__Bacteria;p__Proteobacteria;c__Gammaproteobacteria;o__Ga0077536;f__uncultured_bacterium_graftm_1477;g__,0,0,0,0,0,0,0,0,0
d__Bacteria;p__Proteobacteria;c__Gammaproteobacteria;o__Methylococcales;f__Methylomonaceae;g__Methylobacter,0,0,0,0,0,0,0,1,0
d__Bacteria;p__Proteobacteria;c__Gammaproteobacteria;o__Orbales;f__Orbaceae;g__,13,0,0,0,0,0,0,0,0
d__Bacteria;p__Proteobacteria;c__Gammaproteobacteria;o__Orbales;f__Orbaceae;g__Gilliamella,76,0,0,0,0,0,0,0,0
d__Bacteria;p__Proteobacteria;c__Gammaproteobacteria;o__Pasteurellales;f__Pasteurellaceae;g__,1,1,0,0,6,0,0,7,1
d__Bacteria;p__Proteobacteria;c__Gammaproteobacteria;o__Pasteurellales;f__Pasteurellaceae;g__Aggregatibacter,1,0,1,0,0,0,0,2,0
d__Bacteria;p__Proteobacteria;c__Gammaproteobacteria;o__Pasteurellales;f__Pasteurellaceae;g__Haemophilus,2,0,0,0,0,0,0,0,0
d__Bacteria;p__Proteobacteria;c__Gammaproteobacteria;o__Pasteurellales;f__Pasteurellaceae;g__Pasteurella,0,0,0,0,0,0,0,0,0
d__Bacteria;p__Proteobacteria;c__Gammaproteobacteria;o__Pasteurellales;f__Pasteurellaceae;g__Ursidibacter,0,1,0,0,0,0,0,0,0
d__Bacteria;p__Proteobacteria;c__Gammaproteobacteria;o__Pseudomonadales;f__;g__,0,0,0,0,0,3,0,0,0
d__Bacteria;p__Proteobacteria;c__Gammaproteobacteria;o__Pseudomonadales;f__Pseudomonadaceae;g__,0,0,0,0,2,0,0,0,0
d__Bacteria;p__Proteobacteria;c__Gammaproteobacteria;o__Pseudomonadales;f__Pseudomonadaceae;g__Azotobacter,0,0,0,0,0,0,0,0,0
d__Bacteria;p__Proteobacteria;c__Gammaproteobacteria;o__Pseudomonadales;f__Pseudomonadaceae;g__Pseudomonas,12,2,0,29,42,20,0,2,0
d__Bacteria;p__Proteobacteria;c__Gammaproteobacteria;o__UBA4486;f__uncultured_bacterium_graftm_2311;g__,0,1,0,0,0,0,0,0,0
d__Bacteria;p__Proteobacteria;c__Gammaproteobacteria;o__Vibrionales;f__Vibrionaceae;g__,0,5,0,0,0,1,0,1,0
d__Bacteria;p__Proteobacteria;c__Gammaproteobacteria;o__Vibrionales;f__Vibrionaceae;g__Photobacterium,1,0,0,0,0,0,0,0,0
d__Bacteria;p__Proteobacteria;c__Gammaproteobacteria;o__Vibrionales;f__Vibrionaceae;g__Salinivibrio,0,0,0,0,0,0,0,0,0
d__Bacteria;p__Proteobacteria;c__Gammaproteobacteria;o__Vibrionales;f__Vibrionaceae;g__Vibrio,4,1,0,0,0,0,1,2,1
d__Bacteria;p__Proteobacteria;c__Gammaproteobacteria;o__Xanthomonadales;f__Xanthomonadaceae;g__,0,0,0,0,0,0,0,0,0
d__Bacteria;p__Proteobacteria;c__Gammaproteobacteria;o__Xanthomonadales;f__Xanthomonadaceae;g__Stenotrophomonas,0,1,0,2,0,0,0,0,0
d__Bacteria;p__Rokubacteria;c__NC10;o__Methylomirabilales;f__Methylomirabilaceae;g__,0,0,0,0,0,0,0,1,0
d__Bacteria;p__Tenericutes;c__Mollicutes;o__Acholeplasmatales;f__Acholeplasmataceae;g__Acholeplasma,0,0,2,0,1,0,0,0,2
d__Bacteria;p__Tenericutes;c__Mollicutes;o__Entomoplasmatales;f__;g__,0,3,0,0,0,0,0,0,0
d__Bacteria;p__Tenericutes;c__Mollicutes;o__Entomoplasmatales;f__Spiroplasmataceae;g__Spiroplasma,1,488,9,0,1,15,3,0,13
d__Bacteria;p__Tenericutes;c__Mollicutes;o__Mollicutes_RF39;f__uncultured_bacterium_graftm_331;g__,0,0,0,0,0,0,0,0,0
Grand Total,1732,3083,944,236,2462,1865,423,2180,931
